timestamp,insert_total,insert_original,insert_duplicate,insert_avg_latency_ms,query_count,query_failed,query_avg_latency_ms,insert_cumulative_total,insert_cumulative_original,insert_cumulative_duplicate,insert_cumulative_avg_latency_ms,query_cumulative_count,query_cumulative_failed,query_cumulative_avg_latency_ms
2026/03/01 15:34:31,788,750,38,88.92,1576,0,0.24,788,750,38,88.92,1576,0,0.24
2026/03/01 15:34:36,732,520,212,123.37,1464,0,0.2,1520,1270,250,105.51,3040,0,0.22
2026/03/01 15:34:41,698,448,250,126.26,1396,0,0.21,2218,1718,500,112.04,4436,0,0.22
2026/03/01 15:34:46,702,532,170,125.23,1404,0,0.21,2920,2250,670,115.21,5840,0,0.22
2026/03/01 15:34:51,694,614,80,131.52,1388,0,0.21,3614,2864,750,118.34,7228,0,0.21
2026/03/01 15:34:56,556,306,250,161.2,1112,0,0.2,4170,3170,1000,124.06,8340,0,0.21
2026/03/01 15:35:01,624,580,44,140.11,1248,0,0.21,4794,3750,1044,126.15,9588,0,0.21
2026/03/01 15:35:06,632,426,206,144.98,1244,0,0.29,5426,4176,1250,128.34,10832,0,0.22
2026/03/01 15:35:11,726,476,250,124.58,1468,0,0.21,6152,4652,1500,127.9,12300,0,0.22
2026/03/01 15:35:16,670,598,72,129.68,1340,0,0.21,6822,5250,1572,128.07,13640,0,0.22
2026/03/01 15:35:21,698,520,178,133.05,1324,0,0.23,7520,5770,1750,128.53,14964,0,0.22
2026/03/01 15:35:26,574,324,250,148.57,1220,0,0.24,8094,6094,2000,129.95,16184,0,0.22
2026/03/01 15:35:31,696,656,40,132.13,1396,0,0.21,8790,6750,2040,130.13,17580,0,0.22
2026/03/01 15:35:36,702,492,210,128.11,1404,0,0.2,9492,7242,2250,129.98,18984,0,0.22
2026/03/01 15:35:41,660,410,250,132.6,1320,0,0.23,10152,7652,2500,130.15,20304,0,0.22
2026/03/01 15:35:46,658,598,60,135.77,1316,0,0.21,10810,8250,2560,130.49,21620,0,0.22
2026/03/01 15:35:51,666,476,190,134.82,1328,0,0.28,11476,8726,2750,130.74,22948,0,0.22
2026/03/01 15:35:56,652,402,250,141.7,1308,0,0.23,12128,9128,3000,131.33,24256,0,0.22
2026/03/01 15:36:01,692,622,70,124.92,1384,0,0.53,12820,9750,3070,130.98,25640,0,0.24
2026/03/01 15:36:06,604,424,180,146.47,1208,0,0.23,13424,10174,3250,131.68,26848,0,0.24
2026/03/01 15:36:11,668,418,250,135.77,1336,0,0.23,14092,10592,3500,131.88,28184,0,0.24
2026/03/01 15:36:16,674,658,16,134.69,1348,0,0.2,14766,11250,3516,132.0,29532,0,0.24
2026/03/01 15:36:21,674,440,234,133.72,1332,0,0.2,15440,11690,3750,132.08,30864,0,0.23
2026/03/01 15:36:26,564,314,250,161.04,1144,0,0.2,16004,12004,4000,133.1,32008,0,0.23
2026/03/01 15:36:31,662,662,0,133.61,1324,0,0.2,16666,12666,4000,133.12,33332,0,0.23
2026/03/01 15:36:36,668,418,250,136.99,1292,0,0.21,17334,13084,4250,133.27,34624,0,0.23
2026/03/01 15:36:41,684,434,250,129.72,1404,0,0.25,18018,13518,4500,133.13,36028,0,0.23
2026/03/01 15:36:46,664,664,0,134.64,1336,0,0.2,18682,14182,4500,133.19,37364,0,0.23
2026/03/01 15:36:51,648,398,250,138.96,1296,0,0.21,19330,14580,4750,133.38,38660,0,0.23
2026/03/01 15:36:56,664,420,244,136.3,1248,0,0.2,19994,15000,4994,133.48,39908,0,0.23
2026/03/01 15:37:01,610,604,6,137.93,1300,0,0.21,20604,15604,5000,133.61,41208,0,0.23
2026/03/01 15:37:06,672,422,250,142.29,1268,0,0.23,21276,16026,5250,133.88,42476,0,0.23
2026/03/01 15:37:11,688,474,214,128.08,1452,0,0.2,21964,16500,5464,133.7,43928,0,0.23
2026/03/01 15:37:16,728,692,36,117.8,1456,0,0.2,22692,17192,5500,133.19,45384,0,0.23
2026/03/01 15:37:21,720,470,250,126.36,1440,0,0.2,23412,17662,5750,132.98,46824,0,0.23
2026/03/01 15:37:26,654,404,250,131.38,1296,0,0.2,24066,18066,6000,132.94,48120,0,0.23
2026/03/01 15:37:31,712,684,28,129.33,1436,0,0.23,24778,18750,6028,132.83,49556,0,0.23
2026/03/01 15:37:36,642,420,222,137.57,1284,0,0.2,25420,19170,6250,132.95,50840,0,0.22
2026/03/01 15:37:41,650,400,250,140.74,1300,0,0.19,26070,19570,6500,133.15,52140,0,0.22
2026/03/01 15:37:46,672,672,0,131.36,1336,0,0.2,26742,20242,6500,133.1,53476,0,0.22
2026/03/01 15:37:51,672,422,250,130.22,1344,0,0.22,27414,20664,6750,133.03,54820,0,0.22
2026/03/01 15:37:56,700,450,250,127.31,1408,0,0.21,28114,21114,7000,132.89,56228,0,0.22
2026/03/01 15:38:01,662,636,26,139.9,1324,0,0.2,28776,21750,7026,133.05,57552,0,0.22
2026/03/01 15:38:06,682,458,224,128.09,1364,0,0.23,29458,22208,7250,132.94,58916,0,0.22
2026/03/01 15:38:11,740,490,250,122.15,1432,0,0.21,30198,22698,7500,132.67,60348,0,0.22
2026/03/01 15:38:16,680,552,128,123.03,1408,0,0.21,30878,23250,7628,132.46,61756,0,0.22
2026/03/01 15:38:21,628,506,122,144.14,1256,0,0.2,31506,23756,7750,132.69,63012,0,0.22
2026/03/01 15:38:26,656,406,250,137.08,1312,0,0.2,32162,24162,8000,132.78,64324,0,0.22
2026/03/01 15:38:31,706,588,118,128.78,1368,0,0.21,32868,24750,8118,132.7,65692,0,0.22
2026/03/01 15:38:36,634,502,132,139.64,1312,0,0.2,33502,25252,8250,132.83,67004,0,0.22
2026/03/01 15:38:41,666,416,250,134.28,1332,0,0.21,34168,25668,8500,132.86,68336,0,0.22
2026/03/01 15:38:46,658,582,76,135.24,1316,0,0.2,34826,26250,8576,132.9,69652,0,0.22
2026/03/01 15:38:51,658,484,174,136.17,1316,0,0.23,35484,26734,8750,132.96,70968,0,0.22
2026/03/01 15:38:56,618,368,250,148.22,1236,0,0.29,36102,27102,9000,133.22,72204,0,0.22
2026/03/01 15:39:01,680,648,32,127.11,1360,0,0.21,36782,27750,9032,133.11,73564,0,0.22
2026/03/01 15:39:06,710,492,218,130.41,1414,0,0.21,37492,28242,9250,133.06,74978,0,0.22
2026/03/01 15:39:11,860,610,250,100.94,1698,0,0.2,38352,28852,9500,132.34,76676,0,0.22
2026/03/01 15:39:16,884,634,250,96.29,1796,0,0.3,39236,29486,9750,131.53,78472,0,0.22
2026/03/01 15:39:21,1010,760,250,83.48,1992,0,0.19,40246,30246,10000,130.32,80464,0,0.22
2026/03/01 15:39:26,940,690,250,90.66,1904,0,0.19,41186,30936,10250,129.42,82368,0,0.22
2026/03/01 15:39:31,796,564,232,105.53,1596,0,0.19,41982,31500,10482,128.96,83964,0,0.22
2026/03/01 15:39:36,898,750,148,96.07,1792,0,0.19,42880,32250,10630,128.27,85756,0,0.22
2026/03/01 15:39:41,896,750,146,98.98,1796,0,0.22,43776,33000,10776,127.67,87552,0,0.22
2026/03/01 15:39:46,788,564,224,109.06,1576,0,0.19,44564,33564,11000,127.35,89128,0,0.22
2026/03/01 15:39:51,818,568,250,107.73,1636,0,0.18,45382,34132,11250,126.99,90764,0,0.22
2026/03/01 15:39:56,838,588,250,99.69,1676,0,0.19,46220,34720,11500,126.5,92440,0,0.22
2026/03/01 15:40:01,852,602,250,102.1,1704,0,0.2,47072,35322,11750,126.05,94144,0,0.22
2026/03/01 15:40:06,886,678,208,99.56,1772,0,0.21,47958,36000,11958,125.57,95916,0,0.22
2026/03/01 15:40:11,856,750,106,97.27,1712,0,0.2,48814,36750,12064,125.07,97628,0,0.22
2026/03/01 15:40:16,976,750,226,88.98,1932,0,0.19,49790,37500,12290,124.36,99560,0,0.22
2026/03/01 15:40:21,864,654,210,100.59,1736,0,0.2,50654,38154,12500,123.96,101296,0,0.22
2026/03/01 15:40:26,980,730,250,86.71,1896,0,0.18,51634,38884,12750,123.25,103192,0,0.22
2026/03/01 15:40:31,730,480,250,114.79,1536,0,0.2,52364,39364,13000,123.13,104728,0,0.22
2026/03/01 15:40:36,916,666,250,93.53,1832,0,0.2,53280,40030,13250,122.62,106560,0,0.22
2026/03/01 15:40:41,924,674,250,93.5,1848,0,0.19,54204,40704,13500,122.13,108408,0,0.21
2026/03/01 15:40:46,830,580,250,107.74,1588,0,0.2,55034,41284,13750,121.91,109996,0,0.21
2026/03/01 15:40:51,838,716,122,99.91,1748,0,0.19,55872,42000,13872,121.58,111744,0,0.21
2026/03/01 15:40:56,890,750,140,94.34,1780,0,0.18,56762,42750,14012,121.15,113524,0,0.21
2026/03/01 15:41:01,940,702,238,94.16,1880,0,0.19,57702,43452,14250,120.71,115404,0,0.21
2026/03/01 15:41:06,792,542,250,108.11,1580,0,0.21,58494,43994,14500,120.54,116984,0,0.21
2026/03/01 15:41:11,850,600,250,100.05,1704,0,0.2,59344,44594,14750,120.25,118688,0,0.21
2026/03/01 15:41:16,770,520,250,113.8,1540,0,0.2,60114,45114,15000,120.17,120228,0,0.21
2026/03/01 15:41:21,802,636,166,111.07,1604,0,0.23,60916,45750,15166,120.05,121832,0,0.21
2026/03/01 15:41:26,848,750,98,101.79,1692,0,0.22,61764,46500,15264,119.8,123524,0,0.21
2026/03/01 15:41:31,814,578,236,107.66,1632,0,0.19,62578,47078,15500,119.64,125156,0,0.21
2026/03/01 15:41:36,990,740,250,86.02,1936,0,0.19,63568,47818,15750,119.11,127092,0,0.21
2026/03/01 15:41:41,858,608,250,97.16,1760,0,0.19,64426,48426,16000,118.82,128852,0,0.21
2026/03/01 15:41:46,976,726,250,87.29,1952,0,0.18,65402,49152,16250,118.35,130804,0,0.21
2026/03/01 15:41:51,782,532,250,110.49,1564,0,0.21,66184,49684,16500,118.26,132368,0,0.21
2026/03/01 15:41:56,864,614,250,104.6,1648,0,0.2,67048,50298,16750,118.08,134016,0,0.21
2026/03/01 15:42:01,788,702,86,109.46,1652,0,0.21,67836,51000,16836,117.98,135668,0,0.21
2026/03/01 15:42:06,800,636,164,107.9,1604,0,0.21,68636,51636,17000,117.86,137272,0,0.21
2026/03/01 15:42:11,854,604,250,101.55,1708,0,0.21,69490,52240,17250,117.66,138980,0,0.21
2026/03/01 15:42:16,884,634,250,99.23,1696,0,0.19,70374,52874,17500,117.43,140676,0,0.21
2026/03/01 15:42:21,848,598,250,101.09,1768,0,0.2,71222,53472,17750,117.24,142444,0,0.21
2026/03/01 15:42:26,796,546,250,109.02,1564,0,0.2,72018,54018,18000,117.15,144008,0,0.21
2026/03/01 15:42:31,898,732,166,95.6,1824,0,0.19,72916,54750,18166,116.88,145832,0,0.21
2026/03/01 15:42:36,864,750,114,95.4,1724,0,0.19,73780,55500,18280,116.63,147556,0,0.21
2026/03/01 15:42:41,984,750,234,88.5,1972,0,0.2,74764,56250,18514,116.26,149528,0,0.21
2026/03/01 15:42:46,886,650,236,97.52,1768,0,0.19,75650,56900,18750,116.04,151296,0,0.21
2026/03/01 15:42:51,818,568,250,104.3,1636,0,0.2,76468,57468,19000,115.91,152932,0,0.21
2026/03/01 15:42:56,864,614,250,99.6,1732,0,0.24,77332,58082,19250,115.73,154664,0,0.21
2026/03/01 15:43:01,894,644,250,98.01,1788,0,0.19,78226,58726,19500,115.53,156452,0,0.21
2026/03/01 15:43:06,860,610,250,97.81,1720,0,0.2,79086,59336,19750,115.34,158172,0,0.21
2026/03/01 15:43:11,870,664,206,96.78,1736,0,0.2,79956,60000,19956,115.14,159908,0,0.21
2026/03/01 15:43:16,804,750,54,113.11,1612,0,0.2,80760,60750,20010,115.12,161520,0,0.21
2026/03/01 15:43:21,970,730,240,86.83,1936,0,0.19,81730,61480,20250,114.78,163456,0,0.21
2026/03/01 15:43:26,822,572,250,106.32,1608,0,0.2,82552,62052,20500,114.7,165064,0,0.21
2026/03/01 15:43:31,818,568,250,102.13,1676,0,0.19,83370,62620,20750,114.57,166740,0,0.21
2026/03/01 15:43:36,850,600,250,105.91,1644,0,0.2,84220,63220,21000,114.48,168384,0,0.21
2026/03/01 15:43:41,856,606,250,99.8,1752,0,0.2,85076,63826,21250,114.34,170136,0,0.21
2026/03/01 15:43:46,904,674,230,93.69,1824,0,0.19,85980,64500,21480,114.12,171960,0,0.21
2026/03/01 15:43:51,836,750,86,105.03,1672,0,0.19,86816,65250,21566,114.03,173632,0,0.21
2026/03/01 15:43:56,852,668,184,102.1,1656,0,0.2,87668,65918,21750,113.92,175288,0,0.21
2026/03/01 15:44:01,894,644,250,94.44,1832,0,0.19,88562,66562,22000,113.72,177120,0,0.21
2026/03/01 15:44:06,742,492,250,121.13,1416,0,0.2,89304,67054,22250,113.78,178536,0,0.21
2026/03/01 15:44:11,656,446,210,130.53,1378,0,0.28,89960,67500,22460,113.9,179914,0,0.21
2026/03/01 15:44:16,898,750,148,97.8,1802,0,0.21,90858,68250,22608,113.74,181716,0,0.21
2026/03/01 15:44:21,846,704,142,104.2,1620,0,0.19,91704,68954,22750,113.66,183336,0,0.21
2026/03/01 15:44:26,844,594,250,101.34,1756,0,0.2,92548,69548,23000,113.54,185092,0,0.21
2026/03/01 15:44:31,808,558,250,103.77,1620,0,0.21,93356,70106,23250,113.46,186712,0,0.21
2026/03/01 15:44:36,852,602,250,106.01,1704,0,0.19,94208,70708,23500,113.39,188416,0,0.21
2026/03/01 15:44:41,820,570,250,102.97,1640,0,0.25,95028,71278,23750,113.3,190056,0,0.21
2026/03/01 15:44:46,924,722,202,89.97,1840,0,0.2,95952,72000,23952,113.08,191896,0,0.21
2026/03/01 15:44:51,864,750,114,102.07,1736,0,0.2,96816,72750,24066,112.98,193632,0,0.21
2026/03/01 15:44:56,830,646,184,107.95,1600,0,0.2,97646,73396,24250,112.94,195232,0,0.21
2026/03/01 15:45:01,716,466,250,118.51,1488,0,0.21,98362,73862,24500,112.98,196720,0,0.21
2026/03/01 15:45:06,890,640,250,98.22,1784,0,0.2,99252,74502,24750,112.84,198504,0,0.21
2026/03/01 15:45:11,834,584,250,102.06,1668,0,0.2,100086,75086,25000,112.75,200172,0,0.21
2026/03/01 15:45:16,894,664,230,99.23,1788,0,0.19,100980,75750,25230,112.63,201960,0,0.21
2026/03/01 15:45:21,748,728,20,116.33,1492,0,0.19,101728,76478,25250,112.66,203452,0,0.21
2026/03/01 15:45:26,734,484,250,123.02,1392,0,0.26,102462,76962,25500,112.74,204844,0,0.21
2026/03/01 15:45:31,804,554,250,102.61,1688,0,0.19,103266,77516,25750,112.66,206532,0,0.21
2026/03/01 15:45:36,950,700,250,93.87,1832,0,0.19,104216,78216,26000,112.49,208364,0,0.21
2026/03/01 15:45:41,830,580,250,104.11,1684,0,0.19,105046,78796,26250,112.42,210048,0,0.21
2026/03/01 15:45:46,870,704,166,98.69,1776,0,0.19,105916,79500,26416,112.31,211824,0,0.21
2026/03/01 15:45:51,910,750,160,91.82,1820,0,0.19,106826,80250,26576,112.13,213644,0,0.21
2026/03/01 15:45:56,850,676,174,101.14,1708,0,0.19,107676,80926,26750,112.05,215352,0,0.21
2026/03/01 15:46:01,886,636,250,99.76,1740,0,0.2,108562,81562,27000,111.95,217092,0,0.21
2026/03/01 15:46:06,834,584,250,103.72,1700,0,0.2,109396,82146,27250,111.88,218792,0,0.21
2026/03/01 15:46:11,1040,790,250,79.0,2068,0,0.19,110436,82936,27500,111.57,220860,0,0.21
2026/03/01 15:46:16,828,578,250,104.2,1668,0,0.21,111264,83514,27750,111.52,222528,0,0.21
2026/03/01 15:46:21,902,652,250,93.58,1800,0,0.19,112166,84166,28000,111.37,224328,0,0.21
2026/03/01 15:46:26,834,588,246,106.57,1636,0,0.2,113000,84754,28246,111.34,225964,0,0.21
2026/03/01 15:46:31,838,746,92,101.58,1712,0,0.2,113838,85500,28338,111.27,227676,0,0.21
2026/03/01 15:46:36,878,716,162,100.63,1756,0,0.18,114716,86216,28500,111.19,229432,0,0.21
2026/03/01 15:46:41,844,594,250,102.59,1644,0,0.21,115560,86810,28750,111.12,231076,0,0.21
2026/03/01 15:46:46,900,650,250,91.13,1840,0,0.19,116460,87460,29000,110.97,232916,0,0.21
2026/03/01 15:46:51,922,672,250,96.33,1848,0,0.2,117382,88132,29250,110.85,234764,0,0.21
2026/03/01 15:46:56,840,590,250,102.96,1680,0,0.2,118222,88722,29500,110.8,236444,0,0.21
2026/03/01 15:47:01,834,584,250,99.93,1664,0,0.2,119056,89306,29750,110.72,238108,0,0.21
2026/03/01 15:47:06,844,694,150,106.11,1692,0,0.2,119900,90000,29900,110.69,239800,0,0.21
2026/03/01 15:47:11,818,718,100,107.39,1556,0,0.19,120718,90718,30000,110.67,241356,0,0.21
2026/03/01 15:47:16,864,614,250,99.61,1744,0,0.19,121582,91332,30250,110.59,243100,0,0.21
2026/03/01 15:47:21,826,576,250,104.26,1712,0,0.2,122408,91908,30500,110.55,244812,0,0.21
2026/03/01 15:47:26,880,630,250,99.07,1688,0,0.21,123288,92538,30750,110.46,246500,0,0.21
2026/03/01 15:47:31,896,646,250,91.98,1864,0,0.19,124184,93184,31000,110.33,248364,0,0.21
2026/03/01 15:47:36,734,566,168,117.3,1472,0,0.21,124918,93750,31168,110.37,249836,0,0.21
2026/03/01 15:47:41,640,558,82,143.24,1280,0,0.2,125558,94308,31250,110.54,251116,0,0.21
2026/03/01 15:47:46,672,422,250,135.31,1344,0,0.21,126230,94730,31500,110.67,252460,0,0.21
2026/03/01 15:47:51,712,520,192,119.02,1420,0,0.2,126942,95250,31692,110.72,253880,0,0.21
2026/03/01 15:47:56,798,740,58,111.31,1600,0,0.2,127740,95990,31750,110.72,255480,0,0.21
2026/03/01 15:48:01,738,488,250,124.64,1400,0,0.2,128478,96478,32000,110.8,256880,0,0.21
2026/03/01 15:48:06,750,500,250,117.15,1528,0,0.22,129228,96978,32250,110.84,258408,0,0.21
2026/03/01 15:48:11,778,528,250,107.49,1604,0,0.21,130006,97506,32500,110.82,260012,0,0.21
2026/03/01 15:48:16,886,744,142,98.65,1772,0,0.21,130892,98250,32642,110.74,261784,0,0.21
2026/03/01 15:48:21,884,750,134,96.84,1768,0,0.19,131776,99000,32776,110.64,263552,0,0.21
2026/03/01 15:48:26,832,608,224,104.95,1664,0,0.2,132608,99608,33000,110.61,265216,0,0.21
2026/03/01 15:48:31,838,588,250,105.16,1676,0,0.2,133446,100196,33250,110.57,266892,0,0.21
2026/03/01 15:48:36,930,680,250,91.17,1852,0,0.2,134376,100876,33500,110.44,268744,0,0.21
2026/03/01 15:48:41,788,538,250,106.73,1584,0,0.2,135164,101414,33750,110.42,270328,0,0.21
2026/03/01 15:48:46,848,598,250,106.52,1656,0,0.19,136012,102012,34000,110.39,271984,0,0.21
2026/03/01 15:48:51,864,738,126,97.87,1768,0,0.19,136876,102750,34126,110.31,273752,0,0.21
2026/03/01 15:48:56,748,624,124,117.14,1496,0,0.2,137624,103374,34250,110.35,275248,0,0.21
2026/03/01 15:49:01,850,600,250,101.32,1700,0,0.2,138474,103974,34500,110.29,276948,0,0.21
2026/03/01 15:49:06,884,634,250,98.46,1768,0,0.2,139358,104608,34750,110.22,278716,0,0.21
2026/03/01 15:49:11,856,606,250,98.39,1712,0,0.19,140214,105214,35000,110.15,280428,0,0.21
2026/03/01 15:49:16,896,646,250,99.51,1788,0,0.19,141110,105860,35250,110.08,282216,0,0.21
2026/03/01 15:49:21,798,640,158,106.19,1596,0,0.2,141908,106500,35408,110.06,283812,0,0.21
2026/03/01 15:49:26,912,750,162,95.41,1812,0,0.2,142820,107250,35570,109.96,285624,0,0.21
2026/03/01 15:49:31,872,692,180,97.39,1760,0,0.19,143692,107942,35750,109.89,287384,0,0.21
2026/03/01 15:49:36,812,562,250,109.94,1592,0,0.19,144504,108504,36000,109.89,288976,0,0.21
2026/03/01 15:49:41,864,614,250,99.45,1760,0,0.2,145368,109118,36250,109.83,290736,0,0.21
2026/03/01 15:49:46,916,666,250,92.81,1832,0,0.21,146284,109784,36500,109.72,292568,0,0.21
2026/03/01 15:49:51,850,600,250,99.33,1696,0,0.19,147134,110384,36750,109.66,294264,0,0.21
2026/03/01 15:49:56,864,616,248,102.66,1698,0,0.21,147998,111000,36998,109.62,295962,0,0.21
2026/03/01 15:50:01,912,750,162,94.07,1798,0,0.19,148910,111750,37160,109.52,297760,0,0.21
2026/03/01 15:50:06,840,750,90,100.44,1740,0,0.19,149750,112500,37250,109.47,299500,0,0.21
2026/03/01 15:50:11,786,536,250,113.2,1572,0,0.2,150536,113036,37500,109.49,301072,0,0.21
2026/03/01 15:50:16,844,594,250,103.0,1628,0,0.19,151380,113630,37750,109.46,302700,0,0.21
2026/03/01 15:50:21,784,534,250,108.64,1628,0,0.2,152164,114164,38000,109.45,304328,0,0.21
2026/03/01 15:50:26,832,586,246,102.08,1664,0,0.19,152996,114750,38246,109.41,305992,0,0.2
2026/03/01 15:50:31,902,750,152,99.22,1748,0,0.19,153898,115500,38398,109.35,307740,0,0.2
2026/03/01 15:50:36,924,750,174,89.91,1896,0,0.19,154822,116250,38572,109.24,309636,0,0.2
2026/03/01 15:50:41,916,738,178,95.02,1828,0,0.21,155738,116988,38750,109.15,311464,0,0.2
2026/03/01 15:50:46,786,536,250,109.98,1584,0,0.22,156524,117524,39000,109.16,313048,0,0.2
2026/03/01 15:50:51,890,640,250,95.24,1780,0,0.2,157414,118164,39250,109.08,314828,0,0.2
2026/03/01 15:50:56,832,582,250,104.74,1664,0,0.21,158246,118746,39500,109.05,316492,0,0.2
2026/03/01 15:51:01,730,504,226,119.7,1460,0,0.21,158976,119250,39726,109.1,317952,0,0.2
2026/03/01 15:51:06,834,750,84,104.12,1668,0,0.2,159810,120000,39810,109.08,319620,0,0.2
2026/03/01 15:51:11,842,652,190,103.29,1684,0,0.2,160652,120652,40000,109.05,321304,0,0.2
2026/03/01 15:51:16,826,576,250,107.75,1644,0,0.2,161478,121228,40250,109.04,322948,0,0.2
2026/03/01 15:51:21,820,570,250,106.24,1640,0,0.21,162298,121798,40500,109.03,324588,0,0.2
2026/03/01 15:51:26,906,656,250,94.91,1748,0,0.2,163204,122454,40750,108.95,326336,0,0.2
2026/03/01 15:51:31,846,596,250,99.68,1764,0,0.19,164050,123050,41000,108.9,328100,0,0.2
2026/03/01 15:51:36,882,700,182,99.7,1724,0,0.19,164932,123750,41182,108.85,329824,0,0.2
2026/03/01 15:51:41,808,740,68,105.35,1648,0,0.22,165740,124490,41250,108.83,331472,0,0.2
2026/03/01 15:51:46,904,654,250,94.58,1816,0,0.2,166644,125144,41500,108.76,333288,0,0.2
2026/03/01 15:51:51,776,526,250,112.04,1552,0,0.21,167420,125670,41750,108.77,334840,0,0.2
2026/03/01 15:51:56,916,666,250,95.9,1796,0,0.19,168336,126336,42000,108.7,336636,0,0.2
2026/03/01 15:52:01,848,598,250,101.82,1728,0,0.19,169184,126934,42250,108.67,338364,0,0.2
2026/03/01 15:52:06,788,566,222,106.45,1580,0,0.19,169972,127500,42472,108.66,339944,0,0.2
2026/03/01 15:52:11,888,750,138,98.38,1776,0,0.2,170860,128250,42610,108.6,341720,0,0.2
2026/03/01 15:52:16,964,750,214,90.44,1848,0,0.19,171824,129000,42824,108.5,343568,0,0.2
2026/03/01 15:52:21,850,674,176,100.03,1776,0,0.21,172674,129674,43000,108.46,345344,0,0.2
2026/03/01 15:52:26,750,500,250,113.43,1504,0,0.21,173424,130174,43250,108.48,346848,0,0.2
2026/03/01 15:52:31,812,562,250,109.98,1624,0,0.24,174236,130736,43500,108.49,348472,0,0.2
2026/03/01 15:52:36,902,652,250,96.26,1800,0,0.19,175138,131388,43750,108.43,350272,0,0.2
2026/03/01 15:52:41,852,612,240,101.19,1636,0,0.2,175990,132000,43990,108.39,351908,0,0.2
2026/03/01 15:52:46,792,750,42,107.53,1652,0,0.2,176782,132750,44032,108.39,353560,0,0.2
2026/03/01 15:52:51,854,636,218,101.37,1712,0,0.2,177636,133386,44250,108.35,355272,0,0.2
2026/03/01 15:52:56,788,538,250,109.94,1564,0,0.2,178424,133924,44500,108.36,356836,0,0.2
2026/03/01 15:53:01,862,612,250,100.23,1724,0,0.2,179286,134536,44750,108.32,358560,0,0.2
2026/03/01 15:53:06,794,544,250,110.26,1584,0,0.2,180080,135080,45000,108.33,360144,0,0.2
2026/03/01 15:53:11,836,670,166,107.16,1608,0,0.22,180916,135750,45166,108.32,361752,0,0.2
2026/03/01 15:53:16,738,654,84,113.99,1548,0,0.2,181654,136404,45250,108.35,363300,0,0.2
2026/03/01 15:53:21,940,690,250,93.47,1888,0,0.2,182594,137094,45500,108.27,365188,0,0.2
2026/03/01 15:53:26,846,596,250,102.73,1692,0,0.2,183440,137690,45750,108.24,366880,0,0.2
2026/03/01 15:53:31,856,606,250,98.35,1712,0,0.2,184296,138296,46000,108.2,368592,0,0.2
2026/03/01 15:53:36,794,544,250,107.61,1584,0,0.21,185090,138840,46250,108.2,370176,0,0.2
2026/03/01 15:53:41,828,660,168,107.94,1656,0,0.21,185918,139500,46418,108.2,371832,0,0.2
2026/03/01 15:53:46,886,750,136,96.55,1776,0,0.21,186804,140250,46554,108.14,373608,0,0.2
2026/03/01 15:53:51,806,610,196,105.06,1608,0,0.21,187610,140860,46750,108.13,375216,0,0.2
2026/03/01 15:53:56,846,596,250,104.84,1688,0,0.21,188456,141456,47000,108.11,376904,0,0.2
2026/03/01 15:54:01,890,640,250,97.26,1748,0,0.22,189346,142096,47250,108.06,378652,0,0.2
2026/03/01 15:54:06,868,618,250,94.82,1776,0,0.19,190214,142714,47500,108.0,380428,0,0.2
2026/03/01 15:54:11,832,582,250,107.07,1664,0,0.22,191046,143296,47750,108.0,382092,0,0.2
2026/03/01 15:54:16,896,704,192,94.96,1788,0,0.2,191942,144000,47942,107.94,383880,0,0.2
2026/03/01 15:54:21,858,750,108,100.52,1720,0,0.19,192800,144750,48050,107.9,385600,0,0.2
2026/03/01 15:54:26,870,670,200,99.07,1740,0,0.2,193670,145420,48250,107.86,387340,0,0.2
2026/03/01 15:54:31,786,536,250,110.68,1572,0,0.21,194456,145956,48500,107.87,388912,0,0.2
2026/03/01 15:54:36,786,536,250,111.78,1572,0,0.19,195242,146492,48750,107.89,390484,0,0.2
2026/03/01 15:54:41,790,540,250,110.2,1564,0,0.2,196032,147032,49000,107.9,392048,0,0.2
2026/03/01 15:54:46,994,744,250,85.62,1996,0,0.2,197026,147776,49250,107.79,394044,0,0.2
2026/03/01 15:54:51,898,724,174,94.86,1804,0,0.2,197924,148500,49424,107.73,395848,0,0.2
2026/03/01 15:54:56,792,716,76,108.66,1584,0,0.21,198716,149216,49500,107.73,397432,0,0.2
2026/03/01 15:55:01,884,634,250,99.5,1768,0,0.19,199600,149850,49750,107.7,399200,0,0.2
2026/03/01 15:55:06,798,548,250,110.03,1520,0,0.2,200398,150398,50000,107.7,400720,0,0.2
2026/03/01 15:55:11,896,646,250,95.61,1788,0,0.2,201294,151044,50250,107.65,402508,0,0.2
2026/03/01 15:55:16,840,590,250,98.62,1760,0,0.19,202134,151634,50500,107.61,404268,0,0.2
2026/03/01 15:55:21,836,616,220,103.7,1672,0,0.2,202970,152250,50720,107.6,405940,0,0.2
2026/03/01 15:55:26,824,750,74,107.97,1636,0,0.22,203794,153000,50794,107.6,407576,0,0.2
2026/03/01 15:55:31,856,650,206,100.16,1720,0,0.19,204650,153650,51000,107.57,409296,0,0.2
2026/03/01 15:55:36,904,654,250,95.67,1812,0,0.2,205554,154304,51250,107.52,411108,0,0.2
2026/03/01 15:55:41,822,572,250,106.17,1640,0,0.19,206376,154876,51500,107.51,412748,0,0.2
2026/03/01 15:55:46,848,598,250,100.59,1696,0,0.2,207224,155474,51750,107.48,414444,0,0.2
2026/03/01 15:55:51,794,544,250,107.3,1592,0,0.2,208018,156018,52000,107.48,416036,0,0.2
2026/03/01 15:55:56,862,732,130,101.03,1720,0,0.2,208880,156750,52130,107.45,417756,0,0.2
2026/03/01 15:56:01,888,750,138,97.34,1780,0,0.2,209768,157500,52268,107.41,419536,0,0.2
2026/03/01 15:56:06,776,544,232,112.33,1552,0,0.22,210544,158044,52500,107.43,421088,0,0.2
2026/03/01 15:56:11,808,558,250,110.95,1540,0,0.2,211352,158602,52750,107.44,422628,0,0.2
2026/03/01 15:56:16,776,526,250,111.16,1628,0,0.2,212128,159128,53000,107.46,424256,0,0.2
2026/03/01 15:56:21,824,622,202,107.4,1568,0,0.2,212952,159750,53202,107.46,425824,0,0.2
2026/03/01 15:56:26,794,746,48,105.9,1668,0,0.19,213746,160496,53250,107.45,427492,0,0.2
2026/03/01 15:56:31,832,582,250,106.52,1664,0,0.2,214578,161078,53500,107.45,429156,0,0.2
2026/03/01 15:56:36,834,584,250,104.06,1664,0,0.19,215412,161662,53750,107.43,430820,0,0.2
2026/03/01 15:56:41,802,552,250,105.07,1600,0,0.21,216214,162214,54000,107.43,432420,0,0.2
2026/03/01 15:56:46,886,636,250,100.14,1776,0,0.19,217100,162850,54250,107.4,434196,0,0.2
2026/03/01 15:56:51,784,650,134,108.09,1568,0,0.19,217884,163500,54384,107.4,435764,0,0.2
2026/03/01 15:56:56,896,750,146,97.81,1796,0,0.25,218780,164250,54530,107.36,437560,0,0.2
2026/03/01 15:57:01,856,636,220,98.31,1712,0,0.21,219636,164886,54750,107.32,439272,0,0.2
2026/03/01 15:57:06,848,598,250,101.94,1692,0,0.2,220484,165484,55000,107.3,440964,0,0.2
2026/03/01 15:57:11,848,598,250,101.34,1700,0,0.2,221332,166082,55250,107.28,442664,0,0.2
2026/03/01 15:57:16,832,582,250,107.16,1664,0,0.2,222164,166664,55500,107.28,444328,0,0.2
2026/03/01 15:57:21,800,586,214,106.41,1600,0,0.22,222964,167250,55714,107.28,445928,0,0.2
2026/03/01 15:57:26,848,750,98,102.29,1696,0,0.22,223812,168000,55812,107.26,447624,0,0.2
2026/03/01 15:57:31,854,666,188,104.41,1708,0,0.19,224666,168666,56000,107.25,449332,0,0.2
2026/03/01 15:57:36,784,534,250,110.58,1568,0,0.21,225450,169200,56250,107.26,450900,0,0.2
2026/03/01 15:57:41,754,504,250,116.45,1508,0,0.2,226204,169704,56500,107.29,452408,0,0.2
2026/03/01 15:57:46,898,648,250,94.42,1796,0,0.2,227102,170352,56750,107.24,454204,0,0.2
2026/03/01 15:57:51,890,648,242,99.75,1704,0,0.2,227992,171000,56992,107.21,455908,0,0.2
2026/03/01 15:57:56,892,750,142,95.54,1860,0,0.2,228884,171750,57134,107.16,457768,0,0.2
2026/03/01 15:58:01,876,750,126,97.82,1752,0,0.19,229760,172500,57260,107.13,459520,0,0.2
2026/03/01 15:58:06,800,560,240,108.05,1568,0,0.2,230560,173060,57500,107.13,461088,0,0.2
2026/03/01 15:58:11,916,666,250,90.5,1856,0,0.19,231476,173726,57750,107.07,462944,0,0.2
2026/03/01 15:58:16,800,550,250,110.36,1608,0,0.19,232276,174276,58000,107.08,464552,0,0.2
2026/03/01 15:58:21,838,588,250,103.38,1676,0,0.2,233114,174864,58250,107.06,466228,0,0.2
2026/03/01 15:58:26,832,636,196,105.07,1664,0,0.27,233946,175500,58446,107.06,467892,0,0.2
2026/03/01 15:58:31,824,750,74,104.96,1648,0,0.23,234770,176250,58520,107.05,469540,0,0.2
2026/03/01 15:58:36,840,610,230,104.82,1676,0,0.2,235610,176860,58750,107.04,471216,0,0.2
2026/03/01 15:58:41,796,546,250,107.3,1596,0,0.2,236406,177406,59000,107.04,472812,0,0.2
2026/03/01 15:58:46,800,550,250,109.7,1584,0,0.2,237206,177956,59250,107.05,474396,0,0.2
2026/03/01 15:58:51,862,612,250,98.36,1740,0,0.2,238068,178568,59500,107.02,476136,0,0.2
2026/03/01 15:58:56,842,682,160,105.88,1680,0,0.21,238910,179250,59660,107.02,477816,0,0.2
2026/03/01 15:59:01,796,706,90,105.39,1596,0,0.19,239706,179956,59750,107.01,479412,0,0.2
2026/03/01 15:59:06,804,554,250,110.61,1608,0,0.21,240510,180510,60000,107.02,481020,0,0.2
2026/03/01 15:59:11,914,664,250,95.77,1828,0,0.19,241424,181174,60250,106.98,482848,0,0.2
2026/03/01 15:59:16,960,710,250,88.04,1872,0,0.2,242384,181884,60500,106.9,484720,0,0.2
2026/03/01 15:59:21,784,534,250,111.23,1612,0,0.2,243168,182418,60750,106.92,486332,0,0.2
2026/03/01 15:59:26,838,588,250,103.9,1612,0,0.19,244006,183006,61000,106.91,487944,0,0.2
2026/03/01 15:59:31,684,684,0,128.42,1436,0,0.33,244690,183690,61000,106.97,489380,0,0.2
2026/03/01 15:59:36,818,568,250,107.11,1636,0,0.29,245508,184258,61250,106.97,491016,0,0.2
2026/03/01 15:59:41,836,586,250,105.2,1604,0,0.19,246344,184844,61500,106.96,492620,0,0.2
2026/03/01 15:59:46,740,490,250,114.16,1548,0,0.21,247084,185334,61750,106.98,494168,0,0.2
2026/03/01 15:59:51,780,666,114,116.53,1560,0,0.22,247864,186000,61864,107.01,495728,0,0.2
2026/03/01 15:59:56,772,636,136,110.85,1544,0,0.19,248636,186636,62000,107.03,497272,0,0.2
2026/03/01 16:00:01,754,504,250,116.21,1506,0,0.46,249390,187140,62250,107.05,498778,0,0.21
2026/03/01 16:00:06,748,498,250,119.31,1494,0,0.39,250138,187638,62500,107.09,500272,0,0.21
2026/03/01 16:00:11,792,612,180,107.47,1588,0,0.2,250930,188250,62680,107.09,501860,0,0.21
2026/03/01 16:00:16,860,750,110,103.81,1720,0,0.2,251790,189000,62790,107.08,503580,0,0.21
2026/03/01 16:00:21,794,584,210,106.27,1588,0,0.2,252584,189584,63000,107.08,505168,0,0.21
2026/03/01 16:00:26,834,584,250,104.29,1664,0,0.21,253418,190168,63250,107.07,506832,0,0.21
2026/03/01 16:00:31,778,528,250,113.58,1560,0,0.2,254196,190696,63500,107.09,508392,0,0.21
2026/03/01 16:00:36,778,554,224,115.43,1556,0,0.2,254974,191250,63724,107.11,509948,0,0.21
2026/03/01 16:00:41,854,750,104,100.28,1708,0,0.19,255828,192000,63828,107.09,511656,0,0.21
2026/03/01 16:00:46,842,670,172,104.15,1608,0,0.2,256670,192670,64000,107.08,513264,0,0.21
2026/03/01 16:00:51,904,654,250,94.62,1816,0,0.19,257574,193324,64250,107.04,515080,0,0.21
2026/03/01 16:00:56,756,506,250,113.48,1580,0,0.2,258330,193830,64500,107.06,516660,0,0.21
2026/03/01 16:01:01,822,572,250,107.11,1644,0,0.2,259152,194402,64750,107.06,518304,0,0.21
2026/03/01 16:01:06,794,598,196,109.18,1588,0,0.21,259946,195000,64946,107.06,519892,0,0.21
2026/03/01 16:01:11,846,750,96,101.64,1692,0,0.2,260792,195750,65042,107.05,521584,0,0.21
2026/03/01 16:01:16,836,628,208,105.15,1672,0,0.2,261628,196378,65250,107.04,523256,0,0.21
2026/03/01 16:01:21,784,534,250,108.85,1568,0,0.2,262412,196912,65500,107.05,524824,0,0.21
2026/03/01 16:01:26,848,598,250,105.47,1616,0,0.21,263260,197510,65750,107.04,526440,0,0.21
2026/03/01 16:01:31,866,616,250,96.96,1796,0,0.2,264126,198126,66000,107.01,528236,0,0.21
2026/03/01 16:01:36,874,624,250,99.27,1760,0,0.2,265000,198750,66250,106.98,529996,0,0.21
2026/03/01 16:01:41,854,750,104,101.98,1708,0,0.2,265854,199500,66354,106.97,531704,0,0.21
2026/03/01 16:01:46,778,632,146,108.87,1556,0,0.2,266632,200132,66500,106.97,533260,0,0.21
2026/03/01 16:01:51,896,646,250,99.55,1748,0,0.2,267528,200778,66750,106.95,535008,0,0.21
2026/03/01 16:01:56,788,538,250,108.0,1624,0,0.22,268316,201316,67000,106.95,536632,0,0.21
2026/03/01 16:02:01,844,594,250,103.28,1688,0,0.19,269160,201910,67250,106.94,538320,0,0.21
2026/03/01 16:02:06,798,590,208,109.84,1596,0,0.2,269958,202500,67458,106.95,539916,0,0.21
2026/03/01 16:02:11,948,750,198,89.24,1896,0,0.2,270906,203250,67656,106.88,541812,0,0.21
2026/03/01 16:02:16,788,694,94,108.73,1576,0,0.2,271694,203944,67750,106.89,543388,0,0.21
2026/03/01 16:02:21,832,582,250,106.3,1664,0,0.19,272526,204526,68000,106.89,545052,0,0.21
2026/03/01 16:02:26,844,594,250,102.43,1688,0,0.2,273370,205120,68250,106.87,546740,0,0.21
2026/03/01 16:02:31,806,556,250,106.47,1612,0,0.22,274176,205676,68500,106.87,548352,0,0.21
2026/03/01 16:02:36,866,616,250,102.5,1728,0,0.2,275042,206292,68750,106.86,550080,0,0.21
2026/03/01 16:02:41,794,708,86,106.15,1592,0,0.23,275836,207000,68836,106.86,551672,0,0.21
2026/03/01 16:02:46,780,616,164,112.93,1556,0,0.2,276616,207616,69000,106.87,553228,0,0.21
2026/03/01 16:02:51,812,562,250,110.4,1628,0,0.2,277428,208178,69250,106.88,554856,0,0.21
2026/03/01 16:02:56,718,468,250,119.15,1432,0,0.2,278146,208646,69500,106.92,556288,0,0.21
2026/03/01 16:03:01,836,604,232,103.4,1676,0,0.2,278982,209250,69732,106.91,557964,0,0.21
2026/03/01 16:03:06,810,750,60,110.33,1616,0,0.2,279792,210000,69792,106.92,559580,0,0.21
2026/03/01 16:03:11,834,626,208,104.7,1668,0,0.92,280626,210626,70000,106.91,561248,0,0.21
2026/03/01 16:03:16,850,600,250,99.02,1704,0,0.19,281476,211226,70250,106.89,562952,0,0.21
2026/03/01 16:03:21,920,670,250,92.58,1812,0,0.21,282396,211896,70500,106.84,564764,0,0.21
2026/03/01 16:03:26,832,582,250,103.93,1684,0,0.2,283228,212478,70750,106.83,566448,0,0.21
2026/03/01 16:03:31,780,530,250,116.79,1492,0,0.21,284008,213008,71000,106.86,567940,0,0.21
2026/03/01 16:03:36,776,742,34,107.21,1628,0,0.21,284784,213750,71034,106.86,569568,0,0.21
2026/03/01 16:03:41,954,738,216,91.94,1908,0,0.19,285738,214488,71250,106.81,571476,0,0.21
2026/03/01 16:03:46,862,612,250,99.96,1724,0,0.2,286600,215100,71500,106.79,573200,0,0.21
2026/03/01 16:03:51,814,564,250,108.35,1580,0,0.2,287414,215664,71750,106.79,574780,0,0.21
2026/03/01 16:03:56,774,524,250,113.93,1520,0,0.26,288188,216188,72000,106.81,576300,0,0.21
2026/03/01 16:04:01,794,562,232,109.24,1596,0,0.21,288982,216750,72232,106.82,577896,0,0.21
2026/03/01 16:04:06,874,750,124,93.8,1816,0,0.2,289856,217500,72356,106.78,579712,0,0.21
2026/03/01 16:04:11,826,682,144,109.54,1596,0,0.21,290682,218182,72500,106.79,581308,0,0.21
2026/03/01 16:04:16,786,536,250,108.64,1628,0,0.21,291468,218718,72750,106.79,582936,0,0.21
2026/03/01 16:04:21,732,482,250,118.34,1464,0,0.19,292200,219200,73000,106.82,584400,0,0.21
2026/03/01 16:04:26,842,592,250,104.08,1684,0,0.2,293042,219792,73250,106.81,586084,0,0.21
2026/03/01 16:04:31,838,708,130,101.2,1676,0,0.21,293880,220500,73380,106.8,587760,0,0.21
2026/03/01 16:04:36,884,750,134,99.35,1768,0,0.19,294764,221250,73514,106.77,589528,0,0.21
2026/03/01 16:04:41,826,590,236,105.46,1652,0,0.19,295590,221840,73750,106.77,591180,0,0.21
2026/03/01 16:04:46,804,554,250,106.47,1604,0,0.2,296394,222394,74000,106.77,592784,0,0.21
2026/03/01 16:04:51,772,522,250,114.52,1544,0,0.2,297166,222916,74250,106.79,594328,0,0.21
2026/03/01 16:04:56,806,584,222,109.04,1608,0,0.21,297972,223500,74472,106.8,595936,0,0.21
2026/03/01 16:05:01,854,750,104,99.16,1716,0,0.2,298826,224250,74576,106.77,597652,0,0.21
2026/03/01 16:05:06,796,622,174,109.95,1584,0,0.2,299622,224872,74750,106.78,599236,0,0.21
2026/03/01 16:05:11,792,542,250,111.55,1592,0,0.2,300414,225414,75000,106.8,600828,0,0.21
2026/03/01 16:05:16,826,576,250,104.91,1652,0,0.19,301240,225990,75250,106.79,602480,0,0.21
2026/03/01 16:05:21,816,566,250,104.65,1632,0,0.19,302056,226556,75500,106.78,604112,0,0.21
2026/03/01 16:05:26,856,694,162,100.38,1712,0,0.19,302912,227250,75662,106.77,605824,0,0.21
2026/03/01 16:05:31,842,750,92,106.69,1680,0,0.2,303754,228000,75754,106.77,607504,0,0.21
2026/03/01 16:05:36,844,598,246,102.85,1692,0,0.2,304598,228598,76000,106.76,609196,0,0.21
2026/03/01 16:05:41,776,526,250,112.08,1552,0,0.19,305374,229124,76250,106.77,610748,0,0.21
2026/03/01 16:05:46,914,664,250,89.35,1828,0,0.21,306288,229788,76500,106.72,612576,0,0.21
2026/03/01 16:05:51,772,522,250,118.4,1540,0,0.24,307060,230310,76750,106.75,614116,0,0.21
2026/03/01 16:05:56,812,690,122,102.46,1628,0,0.22,307872,231000,76872,106.74,615744,0,0.21
2026/03/01 16:06:01,822,694,128,108.36,1644,0,0.19,308694,231694,77000,106.74,617388,0,0.21
2026/03/01 16:06:06,842,592,250,104.31,1680,0,0.21,309536,232286,77250,106.73,619068,0,0.21
2026/03/01 16:06:11,750,500,250,115.58,1504,0,0.21,310286,232786,77500,106.75,620572,0,0.21
2026/03/01 16:06:16,836,586,250,105.12,1668,0,0.21,311122,233372,77750,106.75,622240,0,0.21
2026/03/01 16:06:21,850,628,222,97.9,1696,0,0.2,311972,234000,77972,106.73,623936,0,0.21
2026/03/01 16:06:26,954,750,204,92.74,1840,0,0.2,312926,234750,78176,106.68,625776,0,0.21
2026/03/01 16:06:31,816,742,74,102.84,1688,0,0.21,313742,235492,78250,106.67,627464,0,0.21
2026/03/01 16:06:36,776,526,250,114.05,1572,0,0.21,314518,236018,78500,106.69,629036,0,0.21
2026/03/01 16:06:41,732,482,250,120.28,1464,0,0.2,315250,236500,78750,106.72,630500,0,0.21
2026/03/01 16:06:46,806,556,250,110.03,1612,0,0.22,316056,237056,79000,106.73,632112,0,0.21
2026/03/01 16:06:51,774,694,80,108.75,1548,0,0.2,316830,237750,79080,106.74,633660,0,0.21
2026/03/01 16:06:56,784,614,170,114.55,1568,0,0.22,317614,238364,79250,106.76,635228,0,0.21
2026/03/01 16:07:01,782,532,250,108.37,1564,0,0.19,318396,238896,79500,106.76,636792,0,0.21
2026/03/01 16:07:06,890,640,250,101.24,1732,0,0.2,319286,239536,79750,106.74,638524,0,0.21
2026/03/01 16:07:11,820,570,250,103.28,1688,0,0.21,320106,240106,80000,106.74,640212,0,0.21
2026/03/01 16:07:16,786,644,142,108.38,1572,0,0.19,320892,240750,80142,106.74,641784,0,0.21
2026/03/01 16:07:21,776,668,108,114.14,1552,0,0.19,321668,241418,80250,106.76,643336,0,0.21
2026/03/01 16:07:26,766,516,250,118.14,1532,0,0.23,322434,241934,80500,106.78,644868,0,0.21
2026/03/01 16:07:31,816,566,250,106.48,1632,0,0.19,323250,242500,80750,106.78,646500,0,0.21
2026/03/01 16:07:36,820,570,250,104.09,1640,0,0.27,324070,243070,81000,106.78,648140,0,0.21
2026/03/01 16:07:41,838,680,158,103.0,1676,0,0.21,324908,243750,81158,106.77,649816,0,0.21
2026/03/01 16:07:46,856,750,106,101.88,1708,0,0.23,325764,244500,81264,106.75,651524,0,0.21
2026/03/01 16:07:51,798,562,236,107.71,1600,0,0.21,326562,245062,81500,106.76,653124,0,0.21
2026/03/01 16:07:56,750,500,250,114.73,1500,0,0.19,327312,245562,81750,106.77,654624,0,0.21
2026/03/01 16:08:01,844,594,250,102.56,1688,0,0.19,328156,246156,82000,106.76,656312,0,0.21
2026/03/01 16:08:06,814,594,220,111.5,1552,0,0.2,328970,246750,82220,106.78,657864,0,0.21
2026/03/01 16:08:11,784,750,34,107.26,1644,0,0.2,329754,247500,82254,106.78,659508,0,0.21
2026/03/01 16:08:16,764,518,246,115.73,1524,0,0.2,330518,248018,82500,106.8,661032,0,0.21
2026/03/01 16:08:21,878,628,250,99.79,1760,0,0.19,331396,248646,82750,106.78,662792,0,0.21
2026/03/01 16:08:26,892,642,250,96.82,1776,0,0.2,332288,249288,83000,106.75,664568,0,0.21
2026/03/01 16:08:31,764,514,250,112.08,1500,0,0.21,333052,249802,83250,106.76,666068,0,0.21
2026/03/01 16:08:36,882,698,184,97.11,1800,0,0.19,333934,250500,83434,106.74,667868,0,0.21
2026/03/01 16:08:41,882,750,132,95.49,1764,0,0.2,334816,251250,83566,106.71,669632,0,0.21
2026/03/01 16:08:46,796,612,184,110.01,1592,0,0.21,335612,251862,83750,106.72,671224,0,0.21
2026/03/01 16:08:51,772,522,250,117.36,1544,0,0.21,336384,252384,84000,106.74,672768,0,0.21
2026/03/01 16:08:56,724,474,250,118.36,1448,0,0.2,337108,252858,84250,106.77,674216,0,0.21
2026/03/01 16:09:01,846,642,204,101.46,1692,0,0.2,337954,253500,84454,106.75,675908,0,0.21
2026/03/01 16:09:06,768,722,46,116.57,1536,0,0.21,338722,254222,84500,106.78,677444,0,0.21
2026/03/01 16:09:11,822,572,250,108.01,1584,0,0.21,339544,254794,84750,106.78,679028,0,0.21
2026/03/01 16:09:16,786,536,250,109.05,1632,0,0.19,340330,255330,85000,106.78,680660,0,0.21
2026/03/01 16:09:21,852,602,250,102.35,1704,0,0.21,341182,255932,85250,106.77,682364,0,0.21
2026/03/01 16:09:26,786,568,218,107.79,1572,0,0.21,341968,256500,85468,106.77,683936,0,0.21
2026/03/01 16:09:31,822,750,72,107.27,1644,0,0.22,342790,257250,85540,106.78,685580,0,0.21
2026/03/01 16:09:36,728,518,210,121.76,1456,0,0.2,343518,257768,85750,106.81,687036,0,0.21
2026/03/01 16:09:41,804,554,250,107.87,1608,0,0.21,344322,258322,86000,106.81,688644,0,0.21
2026/03/01 16:09:46,848,598,250,103.9,1696,0,0.19,345170,258920,86250,106.8,690340,0,0.21
2026/03/01 16:09:51,872,622,250,96.34,1744,0,0.19,346042,259542,86500,106.78,692084,0,0.21
2026/03/01 16:09:56,826,708,118,102.76,1652,0,0.25,346868,260250,86618,106.77,693736,0,0.21
2026/03/01 16:10:01,788,656,132,110.95,1576,0,0.19,347656,260906,86750,106.78,695312,0,0.21
2026/03/01 16:10:06,854,604,250,101.36,1708,0,0.21,348510,261510,87000,106.76,697020,0,0.21
2026/03/01 16:10:11,904,654,250,96.71,1804,0,0.21,349414,262164,87250,106.74,698824,0,0.21
2026/03/01 16:10:16,1078,828,250,77.79,2156,0,0.19,350492,262992,87500,106.65,700980,0,0.21
2026/03/01 16:10:21,822,572,250,103.56,1648,0,0.2,351314,263564,87750,106.64,702628,0,0.21
2026/03/01 16:10:26,674,436,238,127.61,1348,0,0.2,351988,264000,87988,106.68,703976,0,0.21
2026/03/01 16:10:31,856,750,106,107.11,1712,0,0.21,352844,264750,88094,106.68,705688,0,0.21
2026/03/01 16:10:36,784,628,156,107.22,1568,0,0.2,353628,265378,88250,106.68,707256,0,0.21
2026/03/01 16:10:41,894,644,250,97.8,1788,0,0.19,354522,266022,88500,106.66,709044,0,0.21
2026/03/01 16:10:46,894,644,250,97.5,1776,0,0.19,355416,266666,88750,106.64,710820,0,0.21
2026/03/01 16:10:51,846,596,250,101.79,1700,0,0.2,356262,267262,89000,106.63,712520,0,0.21
2026/03/01 16:10:56,800,550,250,107.85,1604,0,0.21,357062,267812,89250,106.63,714124,0,0.21
2026/03/01 16:11:01,882,688,194,99.26,1688,0,0.19,357944,268500,89444,106.61,715812,0,0.21
2026/03/01 16:11:06,738,682,56,115.58,1552,0,0.19,358682,269182,89500,106.63,717364,0,0.21
2026/03/01 16:11:11,822,572,250,105.79,1632,0,0.26,359504,269754,89750,106.63,718996,0,0.21
2026/03/01 16:11:16,832,582,250,103.8,1666,0,0.19,360336,270336,90000,106.62,720662,0,0.21
2026/03/01 16:11:21,970,720,250,89.19,1938,0,0.19,361306,271056,90250,106.57,722600,0,0.21
2026/03/01 16:11:26,868,618,250,98.65,1748,0,0.2,362174,271674,90500,106.56,724348,0,0.21
2026/03/01 16:11:31,786,576,210,108.86,1568,0,0.21,362960,272250,90710,106.56,725916,0,0.21
2026/03/01 16:11:36,682,642,40,131.37,1368,0,0.27,363642,272892,90750,106.61,727284,0,0.21
2026/03/01 16:11:41,870,620,250,100.13,1740,0,0.32,364512,273512,91000,106.59,729024,0,0.21
2026/03/01 16:11:46,790,540,250,109.09,1580,0,0.2,365302,274052,91250,106.6,730604,0,0.21
2026/03/01 16:11:51,832,582,250,106.58,1588,0,0.21,366134,274634,91500,106.6,732192,0,0.21
2026/03/01 16:11:56,730,616,114,116.36,1536,0,0.21,366864,275250,91614,106.62,733728,0,0.21
2026/03/01 16:12:01,852,716,136,102.49,1704,0,0.22,367716,275966,91750,106.61,735432,0,0.21
2026/03/01 16:12:06,828,578,250,106.9,1656,0,0.21,368544,276544,92000,106.61,737088,0,0.21
2026/03/01 16:12:11,910,660,250,90.26,1820,0,0.2,369454,277204,92250,106.57,738908,0,0.21
2026/03/01 16:12:16,818,568,250,110.14,1636,0,0.21,370272,277772,92500,106.57,740544,0,0.21
2026/03/01 16:12:21,806,556,250,103.8,1612,0,0.19,371078,278328,92750,106.57,742156,0,0.21
2026/03/01 16:12:26,914,672,242,95.96,1828,0,0.22,371992,279000,92992,106.54,743984,0,0.21
2026/03/01 16:12:31,820,750,70,107.31,1640,0,0.2,372812,279750,93062,106.54,745624,0,0.21
2026/03/01 16:12:36,802,614,188,107.73,1600,0,0.19,373614,280364,93250,106.55,747224,0,0.21
2026/03/01 16:12:41,696,446,250,126.17,1392,0,0.22,374310,280810,93500,106.58,748616,0,0.21
2026/03/01 16:12:46,830,580,250,104.98,1664,0,0.21,375140,281390,93750,106.58,750280,0,0.21
2026/03/01 16:12:51,886,636,250,97.3,1772,0,0.19,376026,282026,94000,106.56,752052,0,0.21
2026/03/01 16:12:56,800,724,76,108.11,1600,0,0.21,376826,282750,94076,106.56,753652,0,0.21
2026/03/01 16:13:01,804,630,174,108.64,1592,0,0.2,377630,283380,94250,106.57,755244,0,0.21
2026/03/01 16:13:06,844,594,250,103.19,1704,0,0.2,378474,283974,94500,106.56,756948,0,0.21
2026/03/01 16:13:11,788,538,250,110.0,1576,0,0.21,379262,284512,94750,106.57,758524,0,0.21
2026/03/01 16:13:16,904,654,250,94.87,1800,0,0.24,380166,285166,95000,106.54,760324,0,0.21
2026/03/01 16:13:21,918,668,250,91.49,1844,0,0.2,381084,285834,95250,106.5,762168,0,0.21
2026/03/01 16:13:26,918,668,250,92.3,1836,0,0.19,382002,286502,95500,106.47,764004,0,0.21
2026/03/01 16:13:31,668,668,0,135.52,1320,0,0.31,382670,287170,95500,106.52,765324,0,0.21
2026/03/01 16:13:36,804,554,250,109.86,1624,0,0.32,383474,287724,95750,106.52,766948,0,0.21
2026/03/01 16:13:41,840,590,250,101.19,1680,0,0.19,384314,288314,96000,106.51,768628,0,0.21
2026/03/01 16:13:46,922,672,250,93.48,1812,0,0.19,385236,288986,96250,106.48,770440,0,0.21
2026/03/01 16:13:51,934,684,250,94.0,1824,0,0.22,386170,289670,96500,106.45,772264,0,0.21
2026/03/01 16:13:56,710,580,130,119.18,1496,0,0.21,386880,290250,96630,106.48,773760,0,0.21
2026/03/01 16:14:01,846,726,120,105.72,1692,0,0.2,387726,290976,96750,106.47,775452,0,0.21
2026/03/01 16:14:06,696,446,250,122.49,1388,0,0.2,388422,291422,97000,106.5,776840,0,0.21
2026/03/01 16:14:11,772,522,250,118.05,1544,0,0.2,389194,291944,97250,106.53,778384,0,0.21
2026/03/01 16:14:16,820,570,250,106.9,1572,0,0.21,390014,292514,97500,106.53,779956,0,0.21
2026/03/01 16:14:21,840,736,104,102.65,1692,0,0.21,390854,293250,97604,106.52,781648,0,0.21
2026/03/01 16:14:26,806,660,146,107.88,1672,0,0.21,391660,293910,97750,106.52,783320,0,0.21
2026/03/01 16:14:31,824,574,250,101.04,1644,0,0.23,392484,294484,98000,106.51,784964,0,0.21
2026/03/01 16:14:36,846,596,250,102.18,1696,0,0.22,393330,295080,98250,106.5,786660,0,0.21
2026/03/01 16:14:41,856,606,250,102.27,1712,0,0.2,394186,295686,98500,106.49,788372,0,0.21
2026/03/01 16:14:46,844,594,250,103.21,1688,0,0.21,395030,296280,98750,106.48,790060,0,0.21
2026/03/01 16:14:51,836,720,116,103.18,1668,0,0.19,395866,297000,98866,106.48,791728,0,0.21
2026/03/01 16:14:56,792,658,134,110.93,1572,0,0.2,396658,297658,99000,106.49,793300,0,0.21
2026/03/01 16:15:01,834,584,250,102.81,1684,0,0.21,397492,298242,99250,106.48,794984,0,0.21
2026/03/01 16:15:06,844,594,250,105.39,1688,0,0.19,398336,298836,99500,106.48,796672,0,0.21
2026/03/01 16:15:11,810,560,250,107.04,1600,0,0.21,399146,299396,99750,106.48,798272,0,0.21
2026/03/01 16:15:16,816,604,212,107.05,1648,0,0.19,399962,300000,99962,106.48,799920,0,0.21
2026/03/01 16:15:21,806,750,56,107.15,1616,0,0.2,400768,300750,100018,106.48,801536,0,0.21
2026/03/01 16:15:26,852,620,232,100.23,1704,0,0.21,401620,301370,100250,106.47,803240,0,0.21
2026/03/01 16:15:31,846,596,250,102.52,1692,0,0.27,402466,301966,100500,106.46,804932,0,0.21
2026/03/01 16:15:36,848,598,250,102.48,1672,0,0.2,403314,302564,100750,106.45,806604,0,0.21
2026/03/01 16:15:41,810,560,250,108.82,1644,0,0.19,404124,303124,101000,106.45,808248,0,0.21
2026/03/01 16:15:46,848,626,222,97.8,1696,0,0.19,404972,303750,101222,106.44,809944,0,0.21
2026/03/01 16:15:51,840,750,90,105.71,1680,0,0.2,405812,304500,101312,106.43,811624,0,0.21
2026/03/01 16:15:56,852,664,188,102.82,1704,0,0.19,406664,305164,101500,106.43,813328,0,0.21
2026/03/01 16:16:01,764,514,250,110.15,1528,0,0.21,407428,305678,101750,106.43,814856,0,0.21
2026/03/01 16:16:06,948,698,250,92.76,1896,0,0.21,408376,306376,102000,106.4,816752,0,0.21
2026/03/01 16:16:11,800,550,250,105.58,1600,0,0.2,409176,306926,102250,106.4,818352,0,0.21
2026/03/01 16:16:16,828,578,250,107.52,1656,0,0.21,410004,307504,102500,106.4,820008,0,0.21
2026/03/01 16:16:21,812,746,66,105.84,1620,0,0.19,410816,308250,102566,106.4,821628,0,0.21
2026/03/01 16:16:26,878,694,184,99.67,1752,0,0.18,411694,308944,102750,106.39,823380,0,0.21
2026/03/01 16:16:31,844,594,250,101.26,1696,0,0.2,412538,309538,103000,106.38,825076,0,0.21
2026/03/01 16:16:36,788,538,250,110.33,1576,0,0.19,413326,310076,103250,106.38,826652,0,0.21
2026/03/01 16:16:41,812,562,250,105.04,1624,0,0.19,414138,310638,103500,106.38,828276,0,0.21
2026/03/01 16:16:46,886,636,250,99.2,1772,0,0.21,415024,311274,103750,106.37,830048,0,0.21
2026/03/01 16:16:51,836,726,110,105.79,1624,0,0.2,415860,312000,103860,106.36,831672,0,0.21
2026/03/01 16:16:56,934,750,184,90.7,1916,0,0.2,416794,312750,104044,106.33,833588,0,0.21
2026/03/01 16:17:01,816,610,206,106.5,1620,0,0.21,417610,313360,104250,106.33,835208,0,0.21
2026/03/01 16:17:06,818,568,250,102.23,1648,0,0.2,418428,313928,104500,106.32,836856,0,0.21
2026/03/01 16:17:11,958,708,250,90.39,1916,0,0.22,419386,314636,104750,106.29,838772,0,0.21
2026/03/01 16:17:16,980,730,250,85.86,1952,0,0.19,420366,315366,105000,106.24,840724,0,0.21
2026/03/01 16:17:21,954,704,250,91.29,1868,0,0.2,421320,316070,105250,106.2,842592,0,0.21
2026/03/01 16:17:26,774,524,250,111.05,1596,0,0.19,422094,316594,105500,106.21,844188,0,0.21
2026/03/01 16:17:31,784,656,128,108.93,1564,0,0.2,422878,317250,105628,106.22,845752,0,0.21
2026/03/01 16:17:36,804,682,122,107.18,1612,0,0.22,423682,317932,105750,106.22,847364,0,0.21
2026/03/01 16:17:41,894,644,250,100.76,1736,0,0.21,424576,318576,106000,106.21,849100,0,0.21
2026/03/01 16:17:46,776,526,250,112.2,1604,0,0.22,425352,319102,106250,106.22,850704,0,0.21
2026/03/01 16:17:51,746,496,250,117.49,1488,0,0.19,426098,319598,106500,106.24,852192,0,0.21
2026/03/01 16:17:56,830,652,178,104.24,1664,0,0.2,426928,320250,106678,106.24,853856,0,0.21
2026/03/01 16:18:01,872,750,122,97.68,1740,0,0.22,427800,321000,106800,106.22,855596,0,0.21
2026/03/01 16:18:06,838,638,200,104.23,1680,0,0.2,428638,321638,107000,106.21,857276,0,0.21
2026/03/01 16:18:11,850,600,250,100.75,1700,0,0.21,429488,322238,107250,106.2,858976,0,0.21
2026/03/01 16:18:16,842,592,250,104.79,1612,0,0.21,430330,322830,107500,106.2,860588,0,0.21
2026/03/01 16:18:21,782,532,250,111.88,1574,0,0.21,431112,323362,107750,106.21,862162,0,0.21
2026/03/01 16:18:26,794,638,156,105.08,1650,0,0.19,431906,324000,107906,106.21,863812,0,0.21
2026/03/01 16:18:31,834,740,94,105.4,1668,0,0.24,432740,324740,108000,106.21,865480,0,0.21
2026/03/01 16:18:36,858,608,250,101.82,1708,0,0.19,433598,325348,108250,106.2,867188,0,0.21
2026/03/01 16:18:41,850,600,250,101.78,1708,0,0.2,434448,325948,108500,106.19,868896,0,0.21
2026/03/01 16:18:46,788,538,250,110.1,1576,0,0.2,435236,326486,108750,106.2,870472,0,0.21
2026/03/01 16:18:51,804,554,250,105.2,1608,0,0.19,436040,327040,109000,106.2,872080,0,0.21
2026/03/01 16:18:56,842,710,132,107.43,1612,0,0.2,436882,327750,109132,106.2,873692,0,0.21
2026/03/01 16:19:01,790,672,118,107.3,1652,0,0.19,437672,328422,109250,106.2,875344,0,0.21
2026/03/01 16:19:06,838,588,250,101.6,1676,0,0.2,438510,329010,109500,106.19,877020,0,0.21
2026/03/01 16:19:11,854,604,250,105.34,1704,0,0.2,439364,329614,109750,106.19,878724,0,0.21
2026/03/01 16:19:16,792,542,250,110.05,1584,0,0.2,440156,330156,110000,106.2,880308,0,0.21
2026/03/01 16:19:21,864,614,250,97.3,1732,0,0.19,441020,330770,110250,106.18,882040,0,0.21
2026/03/01 16:19:26,976,730,246,89.25,1952,0,0.2,441996,331500,110496,106.14,883992,0,0.21
2026/03/01 16:19:31,856,750,106,100.43,1680,0,0.19,442852,332250,110602,106.13,885672,0,0.21
2026/03/01 16:19:36,940,750,190,90.6,1908,0,0.2,443792,333000,110792,106.1,887580,0,0.21
2026/03/01 16:19:41,790,582,208,110.65,1578,0,0.2,444582,333582,111000,106.11,889158,0,0.21
2026/03/01 16:19:46,834,584,250,103.52,1634,0,0.22,445416,334166,111250,106.1,890792,0,0.21
2026/03/01 16:19:51,886,636,250,94.99,1812,0,0.2,446302,334802,111500,106.08,892604,0,0.21
2026/03/01 16:19:56,828,578,250,106.93,1596,0,0.19,447130,335380,111750,106.08,894200,0,0.21
2026/03/01 16:20:01,756,620,136,114.92,1572,0,0.24,447886,336000,111886,106.09,895772,0,0.21
2026/03/01 16:20:06,804,690,114,109.03,1608,0,0.21,448690,336690,112000,106.1,897380,0,0.21
2026/03/01 16:20:11,846,596,250,98.64,1692,0,0.22,449536,337286,112250,106.09,899072,0,0.21
2026/03/01 16:20:16,802,552,250,108.25,1604,0,0.22,450338,337838,112500,106.09,900676,0,0.21
2026/03/01 16:20:21,872,622,250,103.55,1668,0,0.2,451210,338460,112750,106.09,902344,0,0.21
2026/03/01 16:20:26,820,570,250,103.6,1716,0,0.21,452030,339030,113000,106.08,904060,0,0.21
2026/03/01 16:20:31,856,720,136,100.84,1712,0,0.22,452886,339750,113136,106.07,905772,0,0.21
2026/03/01 16:20:36,680,566,114,126.99,1360,0,0.28,453566,340316,113250,106.1,907132,0,0.21
2026/03/01 16:20:41,630,380,250,144.5,1256,0,0.37,454196,340696,113500,106.16,908388,0,0.21
2026/03/01 16:20:46,672,554,118,132.43,1344,0,0.43,454868,341250,113618,106.19,909732,0,0.21
2026/03/01 16:20:51,790,658,132,111.8,1584,0,0.22,455658,341908,113750,106.2,911316,0,0.21
2026/03/01 16:20:56,726,476,250,120.37,1452,0,0.22,456384,342384,114000,106.23,912768,0,0.21
2026/03/01 16:21:01,826,576,250,108.18,1644,0,0.2,457210,342960,114250,106.23,914412,0,0.21
2026/03/01 16:21:06,846,596,250,100.68,1700,0,0.19,458056,343556,114500,106.22,916112,0,0.21
2026/03/01 16:21:11,804,694,110,108.36,1608,0,0.2,458860,344250,114610,106.22,917720,0,0.21
2026/03/01 16:21:16,792,652,140,111.5,1584,0,0.19,459652,344902,114750,106.23,919304,0,0.21
2026/03/01 16:21:21,850,600,250,100.33,1700,0,0.23,460502,345502,115000,106.22,921004,0,0.21
2026/03/01 16:21:26,888,638,250,98.0,1776,0,0.22,461390,346140,115250,106.21,922780,0,0.21
2026/03/01 16:21:31,732,482,250,120.37,1458,0,0.2,462122,346622,115500,106.23,924238,0,0.21
2026/03/01 16:21:36,786,628,158,113.54,1498,0,0.24,462908,347250,115658,106.24,925736,0,0.21
2026/03/01 16:21:41,796,704,92,109.38,1640,0,0.2,463704,347954,115750,106.25,927376,0,0.21
2026/03/01 16:21:46,784,534,250,106.87,1600,0,0.2,464488,348488,116000,106.25,928976,0,0.21
2026/03/01 16:21:51,846,596,250,104.62,1688,0,0.22,465334,349084,116250,106.24,930664,0,0.21
2026/03/01 16:21:56,826,576,250,107.06,1652,0,0.21,466160,349660,116500,106.25,932316,0,0.21
2026/03/01 16:22:01,804,590,214,104.92,1608,0,0.22,466964,350250,116714,106.24,933924,0,0.21
2026/03/01 16:22:06,778,742,36,115.77,1560,0,0.21,467742,350992,116750,106.26,935484,0,0.21
2026/03/01 16:22:11,816,566,250,104.93,1620,0,0.21,468558,351558,117000,106.26,937104,0,0.21
2026/03/01 16:22:16,870,620,250,100.38,1752,0,0.2,469428,352178,117250,106.25,938856,0,0.21
2026/03/01 16:22:21,858,608,250,100.32,1708,0,0.19,470286,352786,117500,106.24,940564,0,0.21
2026/03/01 16:22:26,894,644,250,92.74,1796,0,0.19,471180,353430,117750,106.21,942360,0,0.21
2026/03/01 16:22:31,852,602,250,101.66,1700,0,0.22,472032,354032,118000,106.2,944060,0,0.21
2026/03/01 16:22:36,890,718,172,98.87,1784,0,0.2,472922,354750,118172,106.19,945844,0,0.21
2026/03/01 16:22:41,846,750,96,101.61,1688,0,0.21,473768,355500,118268,106.18,947532,0,0.21
2026/03/01 16:22:46,914,682,232,93.05,1832,0,0.19,474682,356182,118500,106.15,949364,0,0.21
2026/03/01 16:22:51,844,594,250,102.35,1688,0,0.19,475526,356776,118750,106.15,951052,0,0.21
2026/03/01 16:22:56,832,582,250,107.65,1588,0,0.21,476358,357358,119000,106.15,952640,0,0.21
2026/03/01 16:23:01,816,566,250,103.42,1704,0,0.19,477174,357924,119250,106.15,954344,0,0.21
2026/03/01 16:23:06,796,576,220,110.96,1588,0,0.22,477970,358500,119470,106.15,955932,0,0.21
2026/03/01 16:23:11,886,750,136,95.01,1780,0,0.19,478856,359250,119606,106.13,957712,0,0.21
2026/03/01 16:23:16,848,704,144,106.19,1622,0,0.21,479704,359954,119750,106.13,959334,0,0.21
2026/03/01 16:23:21,800,550,250,104.32,1670,0,0.22,480504,360504,120000,106.13,961004,0,0.21
2026/03/01 16:23:26,902,652,250,96.53,1808,0,0.19,481406,361156,120250,106.11,962812,0,0.21
2026/03/01 16:23:31,860,610,250,100.36,1716,0,0.19,482266,361766,120500,106.1,964528,0,0.21
2026/03/01 16:23:36,848,598,250,101.39,1692,0,0.27,483114,362364,120750,106.09,966220,0,0.21
2026/03/01 16:23:41,828,636,192,107.05,1664,0,0.2,483942,363000,120942,106.09,967884,0,0.21
2026/03/01 16:23:46,734,676,58,119.7,1464,0,0.21,484676,363676,121000,106.12,969348,0,0.21
2026/03/01 16:23:51,758,508,250,112.95,1520,0,0.2,485434,364184,121250,106.13,970868,0,0.21
2026/03/01 16:23:56,912,662,250,96.39,1820,0,0.21,486346,364846,121500,106.11,972688,0,0.21
2026/03/01 16:24:01,776,526,250,111.14,1556,0,0.2,487122,365372,121750,106.12,974244,0,0.21
2026/03/01 16:24:06,790,628,162,109.71,1580,0,0.2,487912,366000,121912,106.12,975824,0,0.21
2026/03/01 16:24:11,838,750,88,104.02,1676,0,0.21,488750,366750,122000,106.12,977500,0,0.21
2026/03/01 16:24:16,926,676,250,93.19,1820,0,0.19,489676,367426,122250,106.09,979320,0,0.21
2026/03/01 16:24:21,850,600,250,101.68,1732,0,0.19,490526,368026,122500,106.09,981052,0,0.21
2026/03/01 16:24:26,814,564,250,107.66,1556,0,0.23,491340,368590,122750,106.09,982608,0,0.21
2026/03/01 16:24:31,844,594,250,102.11,1760,0,0.21,492184,369184,123000,106.08,984368,0,0.21
2026/03/01 16:24:36,774,566,208,113.74,1468,0,0.2,492958,369750,123208,106.09,985836,0,0.21
2026/03/01 16:24:41,856,750,106,99.52,1792,0,0.21,493814,370500,123314,106.08,987628,0,0.21
2026/03/01 16:24:46,842,656,186,101.43,1684,0,0.2,494656,371156,123500,106.07,989312,0,0.21
2026/03/01 16:24:51,766,516,250,113.85,1532,0,0.2,495422,371672,123750,106.09,990844,0,0.21
2026/03/01 16:24:56,838,588,250,105.91,1676,0,0.22,496260,372260,124000,106.09,992520,0,0.21
2026/03/01 16:25:01,800,550,250,104.83,1600,0,0.2,497060,372810,124250,106.08,994120,0,0.21
2026/03/01 16:25:06,828,690,138,107.58,1656,0,0.2,497888,373500,124388,106.09,995776,0,0.21
2026/03/01 16:25:11,948,750,198,89.33,1896,0,0.22,498836,374250,124586,106.05,997672,0,0.21
2026/03/01 16:25:16,738,574,164,116.66,1472,0,0.2,499574,374824,124750,106.07,999144,0,0.21
2026/03/01 16:25:21,818,568,250,108.77,1624,0,0.21,500392,375392,125000,106.07,1000768,0,0.21
2026/03/01 16:25:26,884,634,250,96.16,1784,0,0.2,501276,376026,125250,106.06,1002552,0,0.21
2026/03/01 16:25:31,778,528,250,114.86,1552,0,0.2,502054,376554,125500,106.07,1004104,0,0.21
2026/03/01 16:25:36,940,696,244,88.85,1884,0,0.21,502994,377250,125744,106.04,1005988,0,0.21
2026/03/01 16:25:41,782,750,32,108.4,1564,0,0.21,503776,378000,125776,106.04,1007552,0,0.21
2026/03/01 16:25:46,876,652,224,102.48,1748,0,0.19,504652,378652,126000,106.04,1009300,0,0.21
2026/03/01 16:25:51,910,660,250,91.68,1824,0,0.21,505562,379312,126250,106.01,1011124,0,0.21
2026/03/01 16:25:56,798,548,250,108.31,1596,0,0.19,506360,379860,126500,106.01,1012720,0,0.21
2026/03/01 16:26:01,770,520,250,112.7,1540,0,0.2,507130,380380,126750,106.02,1014260,0,0.21
2026/03/01 16:26:06,876,626,250,98.8,1752,0,0.21,508006,381006,127000,106.01,1016012,0,0.21
2026/03/01 16:26:11,842,744,98,104.93,1684,0,0.2,508848,381750,127098,106.01,1017696,0,0.21
2026/03/01 16:26:16,804,652,152,107.61,1604,0,0.21,509652,382402,127250,106.01,1019300,0,0.21
2026/03/01 16:26:21,834,584,250,101.74,1672,0,0.25,510486,382986,127500,106.01,1020972,0,0.21
2026/03/01 16:26:26,862,612,250,102.24,1700,0,0.19,511348,383598,127750,106.0,1022672,0,0.21
2026/03/01 16:26:31,834,584,250,103.28,1680,0,0.21,512182,384182,128000,105.99,1024352,0,0.21
2026/03/01 16:26:36,840,590,250,102.21,1692,0,0.2,513022,384772,128250,105.99,1026044,0,0.21
2026/03/01 16:26:41,808,728,80,99.95,1616,0,0.21,513830,385500,128330,105.98,1027660,0,0.21
2026/03/01 16:26:46,842,672,170,110.58,1684,0,0.21,514672,386172,128500,105.99,1029344,0,0.21
2026/03/01 16:26:51,644,394,250,136.58,1288,0,0.2,515316,386566,128750,106.02,1030632,0,0.21
2026/03/01 16:26:56,820,570,250,107.61,1640,0,0.21,516136,387136,129000,106.03,1032272,0,0.21
2026/03/01 16:27:01,800,614,186,107.29,1600,0,0.19,516936,387750,129186,106.03,1033872,0,0.21
2026/03/01 16:27:06,878,750,128,100.34,1752,0,0.19,517814,388500,129314,106.02,1035624,0,0.21
2026/03/01 16:27:11,870,684,186,98.25,1744,0,0.21,518684,389184,129500,106.01,1037368,0,0.21
2026/03/01 16:27:16,880,630,250,100.17,1692,0,0.2,519564,389814,129750,106.0,1039060,0,0.21
2026/03/01 16:27:21,754,504,250,114.0,1576,0,0.2,520318,390318,130000,106.01,1040636,0,0.21
2026/03/01 16:27:26,848,598,250,103.34,1692,0,0.2,521166,390916,130250,106.0,1042328,0,0.21
2026/03/01 16:27:31,768,584,184,109.55,1536,0,0.19,521934,391500,130434,106.01,1043864,0,0.21
2026/03/01 16:27:36,904,750,154,95.84,1812,0,0.22,522838,392250,130588,105.99,1045676,0,0.21
2026/03/01 16:27:41,826,664,162,108.49,1616,0,0.19,523664,392914,130750,106.0,1047292,0,0.21
2026/03/01 16:27:46,868,618,250,98.13,1772,0,0.19,524532,393532,131000,105.98,1049064,0,0.21
2026/03/01 16:27:51,956,706,250,88.06,1912,0,0.22,525488,394238,131250,105.95,1050976,0,0.21
2026/03/01 16:27:56,808,558,250,108.56,1612,0,0.19,526296,394796,131500,105.95,1052588,0,0.21
2026/03/01 16:28:01,852,602,250,102.02,1688,0,0.2,527148,395398,131750,105.95,1054276,0,0.21
2026/03/01 16:28:06,808,602,206,105.79,1636,0,0.2,527956,396000,131956,105.95,1055912,0,0.21
2026/03/01 16:28:11,804,750,54,107.49,1580,0,0.2,528760,396750,132010,105.95,1057492,0,0.21
2026/03/01 16:28:16,816,576,240,107.09,1660,0,0.21,529576,397326,132250,105.95,1059152,0,0.21
2026/03/01 16:28:21,782,532,250,111.95,1564,0,0.2,530358,397858,132500,105.96,1060716,0,0.21
2026/03/01 16:28:26,814,564,250,106.97,1628,0,0.2,531172,398422,132750,105.96,1062344,0,0.21
2026/03/01 16:28:31,848,598,250,102.08,1696,0,0.2,532020,399020,133000,105.96,1064040,0,0.21
2026/03/01 16:28:36,802,730,72,105.48,1604,0,0.2,532822,399750,133072,105.95,1065644,0,0.21
2026/03/01 16:28:41,874,696,178,102.64,1748,0,0.21,533696,400446,133250,105.95,1067392,0,0.21
2026/03/01 16:28:46,880,630,250,97.11,1740,0,0.2,534576,401076,133500,105.93,1069132,0,0.21
2026/03/01 16:28:51,786,536,250,111.2,1588,0,0.2,535362,401612,133750,105.94,1070720,0,0.21
2026/03/01 16:28:56,794,544,250,110.1,1592,0,0.22,536156,402156,134000,105.95,1072312,0,0.21
2026/03/01 16:29:01,764,594,170,110.08,1528,0,0.2,536920,402750,134170,105.95,1073840,0,0.21
2026/03/01 16:29:06,864,750,114,101.53,1724,0,0.2,537784,403500,134284,105.95,1075564,0,0.21
2026/03/01 16:29:11,916,700,216,93.95,1828,0,0.24,538700,404200,134500,105.93,1077392,0,0.21
2026/03/01 16:29:16,868,618,250,99.77,1728,0,0.19,539568,404818,134750,105.92,1079120,0,0.21
2026/03/01 16:29:21,846,596,250,99.13,1708,0,0.21,540414,405414,135000,105.91,1080828,0,0.21
2026/03/01 16:29:26,830,580,250,106.57,1660,0,0.2,541244,405994,135250,105.91,1082488,0,0.21
2026/03/01 16:29:31,906,656,250,96.23,1760,0,0.19,542150,406650,135500,105.89,1084248,0,0.21
2026/03/01 16:29:36,802,600,202,103.01,1644,0,0.21,542952,407250,135702,105.89,1085892,0,0.21
2026/03/01 16:29:41,852,750,102,105.83,1700,0,0.19,543804,408000,135804,105.89,1087592,0,0.21
2026/03/01 16:29:46,904,708,196,90.81,1824,0,0.19,544708,408708,136000,105.86,1089416,0,0.21
2026/03/01 16:29:51,774,524,250,118.17,1548,0,0.2,545482,409232,136250,105.88,1090964,0,0.21
2026/03/01 16:29:56,804,554,250,104.14,1600,0,0.22,546286,409786,136500,105.88,1092564,0,0.21
2026/03/01 16:30:01,852,602,250,105.2,1692,0,0.21,547138,410388,136750,105.88,1094256,0,0.21
2026/03/01 16:30:06,870,620,250,98.53,1760,0,0.2,548008,411008,137000,105.86,1096016,0,0.21
2026/03/01 16:30:11,834,742,92,105.89,1592,0,0.21,548842,411750,137092,105.86,1097608,0,0.21
2026/03/01 16:30:16,774,616,158,112.74,1572,0,0.21,549616,412366,137250,105.87,1099180,0,0.21
2026/03/01 16:30:21,854,604,250,96.56,1760,0,0.18,550470,412970,137500,105.86,1100940,0,0.21
2026/03/01 16:30:26,834,584,250,108.34,1644,0,0.2,551304,413554,137750,105.86,1102584,0,0.21
2026/03/01 16:30:31,754,504,250,115.01,1532,0,0.2,552058,414058,138000,105.88,1104116,0,0.21
2026/03/01 16:30:36,902,692,210,95.11,1800,0,0.19,552960,414750,138210,105.86,1105916,0,0.21
2026/03/01 16:30:41,886,750,136,97.12,1776,0,0.2,553846,415500,138346,105.84,1107692,0,0.21
2026/03/01 16:30:46,796,642,154,109.34,1592,0,0.2,554642,416142,138500,105.85,1109284,0,0.21
2026/03/01 16:30:51,886,636,250,95.74,1772,0,0.19,555528,416778,138750,105.83,1111056,0,0.21
2026/03/01 16:30:56,758,508,250,118.87,1460,0,0.26,556286,417286,139000,105.85,1112516,0,0.21
2026/03/01 16:31:01,654,464,190,132.72,1364,0,0.41,556940,417750,139190,105.88,1113880,0,0.21
2026/03/01 16:31:06,890,750,140,100.18,1724,0,0.19,557830,418500,139330,105.87,1115604,0,0.21
2026/03/01 16:31:11,756,586,170,112.32,1568,0,0.21,558586,419086,139500,105.88,1117172,0,0.21
2026/03/01 16:31:16,814,564,250,104.91,1628,0,0.2,559400,419650,139750,105.88,1118800,0,0.21
2026/03/01 16:31:21,862,612,250,102.87,1724,0,0.21,560262,420262,140000,105.88,1120524,0,0.21
2026/03/01 16:31:26,798,548,250,107.33,1596,0,0.19,561060,420810,140250,105.88,1122120,0,0.21
2026/03/01 16:31:31,936,690,246,94.63,1796,0,0.19,561996,421500,140496,105.86,1123916,0,0.21
2026/03/01 16:31:36,812,750,62,102.07,1700,0,0.2,562808,422250,140558,105.85,1125616,0,0.21
2026/03/01 16:31:41,840,648,192,106.68,1672,0,0.2,563648,422898,140750,105.86,1127288,0,0.21
2026/03/01 16:31:46,784,534,250,109.61,1572,0,0.22,564432,423432,141000,105.86,1128860,0,0.21
2026/03/01 16:31:51,842,592,250,105.28,1664,0,0.2,565274,424024,141250,105.86,1130524,0,0.21
2026/03/01 16:31:56,824,574,250,101.86,1672,0,0.19,566098,424598,141500,105.85,1132196,0,0.21
2026/03/01 16:32:01,834,652,182,102.31,1668,0,0.2,566932,425250,141682,105.85,1133864,0,0.21
2026/03/01 16:32:06,836,750,86,106.39,1672,0,0.2,567768,426000,141768,105.85,1135536,0,0.21
2026/03/01 16:32:11,854,622,232,103.1,1660,0,0.2,568622,426622,142000,105.85,1137196,0,0.21
2026/03/01 16:32:16,806,556,250,104.93,1660,0,0.21,569428,427178,142250,105.84,1138856,0,0.21
2026/03/01 16:32:21,888,638,250,95.41,1772,0,0.26,570316,427816,142500,105.83,1140628,0,0.21
2026/03/01 16:32:26,782,532,250,110.26,1564,0,0.21,571098,428348,142750,105.83,1142192,0,0.21
2026/03/01 16:32:31,852,652,200,106.73,1640,0,0.2,571950,429000,142950,105.84,1143832,0,0.21
2026/03/01 16:32:36,800,750,50,106.17,1668,0,0.2,572750,429750,143000,105.84,1145500,0,0.21
2026/03/01 16:32:41,792,542,250,112.91,1528,0,0.22,573542,430292,143250,105.85,1147028,0,0.21
2026/03/01 16:32:46,778,528,250,110.78,1608,0,0.2,574320,430820,143500,105.85,1148636,0,0.21
2026/03/01 16:32:51,910,660,250,94.79,1820,0,0.19,575230,431480,143750,105.83,1150456,0,0.21
2026/03/01 16:32:56,848,598,250,101.21,1696,0,0.22,576078,432078,144000,105.83,1152152,0,0.21
2026/03/01 16:33:01,862,672,190,97.57,1728,0,0.19,576940,432750,144190,105.82,1153880,0,0.21
2026/03/01 16:33:06,792,732,60,109.58,1580,0,0.19,577732,433482,144250,105.82,1155460,0,0.21
2026/03/01 16:33:11,816,566,250,108.93,1636,0,0.32,578548,434048,144500,105.82,1157096,0,0.21
2026/03/01 16:33:16,784,534,250,110.71,1568,0,0.2,579332,434582,144750,105.83,1158664,0,0.21
2026/03/01 16:33:21,884,634,250,96.83,1756,0,0.23,580216,435216,145000,105.82,1160420,0,0.21
2026/03/01 16:33:26,764,534,230,113.18,1540,0,0.2,580980,435750,145230,105.83,1161960,0,0.21
2026/03/01 16:33:31,854,750,104,100.65,1708,0,0.21,581834,436500,145334,105.82,1163668,0,0.21
2026/03/01 16:33:36,760,594,166,116.1,1520,0,0.22,582594,437094,145500,105.83,1165188,0,0.21
2026/03/01 16:33:41,888,638,250,100.16,1776,0,0.21,583482,437732,145750,105.82,1166964,0,0.21
2026/03/01 16:33:46,856,606,250,98.9,1712,0,0.19,584338,438338,146000,105.81,1168676,0,0.21
2026/03/01 16:33:51,862,612,250,99.52,1724,0,0.21,585200,438950,146250,105.81,1170400,0,0.21
2026/03/01 16:33:56,900,650,250,97.81,1776,0,0.19,586100,439600,146500,105.79,1172176,0,0.21
2026/03/01 16:34:01,854,650,204,97.73,1732,0,0.3,586954,440250,146704,105.78,1173908,0,0.21
2026/03/01 16:34:06,896,750,146,99.31,1748,0,0.2,587850,441000,146850,105.77,1175656,0,0.21
2026/03/01 16:34:11,794,644,150,105.94,1632,0,0.21,588644,441644,147000,105.77,1177288,0,0.21
2026/03/01 16:34:16,796,546,250,110.84,1588,0,0.2,589440,442190,147250,105.78,1178876,0,0.21
2026/03/01 16:34:21,888,638,250,98.44,1780,0,0.19,590328,442828,147500,105.77,1180656,0,0.21
2026/03/01 16:34:26,932,682,250,89.08,1864,0,0.2,591260,443510,147750,105.74,1182520,0,0.21
2026/03/01 16:34:31,122,122,0,694.71,244,0,22.42,591382,443632,147750,105.86,1182764,0,0.21
2026/03/01 16:34:36,46,46,0,1481.03,90,0,18.0,591428,443678,147750,105.97,1182854,0,0.21
